<?xml version="1.0" encoding="UTF-8"?>

<!DOCTYPE suite SYSTEM "http://Testing.org/Testing-1.0.dtd">

-<suite parallel="tests" thread-count="2" name="TestSuite">

<!-- Suite -->


-<test name="ChromeTest">

<parameter name="browser" value="Chrome"/>


-<classes>

<class name="Testing.SavaariTestNG"/>

</classes>

</test>


-<test name="InternetExplorerTest">

<parameter name="browser" value="Internet Explorer"/>


-<classes>

<class name="Testing.SavaariTestNG"/>

</classes>

</test>

</suite>